datetime,source,mitre_tactic,report_desc,file_size_mb,bytes_received,bytes_sent,evtx_info,timestamp_desc,raw
2016-08-16 13:02:46+00:00,plaso_sqlite/firefox_history,Initial Access,Browsing on blog.mycompany.ex,0.0,0.0,0.0,-,Last Visited Time,http://blog.mycompany.ex/ [count: 1] Host: blog.mycompany.ex visited from:  (URL not typed directly) Transition: TYPED
2016-08-16 13:02:46+00:00,plaso_sqlite/firefox_history,Initial Access,Browsing on blog.mycompany.ex,0.0,0.0,0.0,-,Last Visited Time,http://blog.mycompany.ex/ [count: 1] Host: blog.mycompany.ex visited from:  (URL not typed directly) Transition: TYPED
2016-08-16 13:02:47+00:00,mft,Initial Access,"blog.mycompany.ex page, with iframe to blog.mysportclub.ex/wp-content/uploads/hk/task/opspy/index.php",0.000146,0.0,0.0,-,macb,C:/Users/Peter/AppData/Local/Mozilla/Firefox/Profiles/z0l7z3kd.default/cache2/entries/EF1561CF0D50DACE2517A1D0C2CFA51C9FF23774 ($FILE_NAME)
2016-08-16 13:02:50+00:00,mft,Initial Access,"blog.mysportclub.ex index page, with multiple iframes to /wp-content/uploads/hk/task/opspy/<hexa>.html",0.000146,0.0,0.0,-,macb,C:/Users/Peter/AppData/Local/Mozilla/Firefox/Profiles/z0l7z3kd.default/cache2/entries/3365626261CAD77828E934EE7E8A932B6CCBF107 ($FILE_NAME)
2016-08-16 13:02:51+00:00,mft,Initial Access,html page that creates a swf object and load it,0.000146,0.0,0.0,-,macb,C:/Users/Peter/AppData/Local/Mozilla/Firefox/Profiles/z0l7z3kd.default/cache2/entries/2A6CCECAD669D1239014381392E0766E013B4469 ($FILE_NAME)
2016-08-16 13:02:51+00:00,mft,Initial Access,html page that creates a swf object and load it,0.000146,0.0,0.0,-,macb,C:/Users/Peter/AppData/Local/Mozilla/Firefox/Profiles/z0l7z3kd.default/cache2/entries/334BFDEF31BB47ED5B242FF32EA3C6EDB4E627BE ($FILE_NAME)
2016-08-16 13:02:51+00:00,mft,Initial Access,html page that creates a swf object and load it,0.000146,0.0,0.0,-,macb,C:/Users/Peter/AppData/Local/Mozilla/Firefox/Profiles/z0l7z3kd.default/cache2/entries/8AA09B2FAB4A037AEEEB573FDFDE2AF317A21A34 ($FILE_NAME)
2016-08-16 13:02:51+00:00,mft,Initial Access,html page that creates a swf object and load it,0.000146,0.0,0.0,-,macb,C:/Users/Peter/AppData/Local/Mozilla/Firefox/Profiles/z0l7z3kd.default/cache2/entries/EA8930AEFE33A8A08573452513679BD2A9DC61C3 ($FILE_NAME)
2016-08-16 13:02:52+00:00,mft,Initial Access,html page that creates a swf object and load it,0.000146,0.0,0.0,-,macb,C:/Users/Peter/AppData/Local/Mozilla/Firefox/Profiles/z0l7z3kd.default/cache2/entries/27AF81E2AB8FF3B8EFE4FEB0C98B74D085F816ED ($FILE_NAME)
2016-08-16 13:02:52+00:00,mft,Initial Access,html page that creates a swf object and load it,0.000146,0.0,0.0,-,macb,C:/Users/Peter/AppData/Local/Mozilla/Firefox/Profiles/z0l7z3kd.default/cache2/entries/531D624C7C94CDF178874A8190B69C99521AB779 ($FILE_NAME)
2016-08-16 13:02:52+00:00,mft,Initial Access,html page that creates a swf object and load it,0.000146,0.0,0.0,-,macb,C:/Users/Peter/AppData/Local/Mozilla/Firefox/Profiles/z0l7z3kd.default/cache2/entries/87189F23AD1AA7F5066513FE680259BE7904BBAD ($FILE_NAME)
2016-08-16 13:02:52+00:00,mft,Initial Access,html page that creates then executes exp.vbs,0.000146,0.0,0.0,-,macb,C:/Users/Peter/AppData/Local/Mozilla/Firefox/Profiles/z0l7z3kd.default/cache2/entries/AD6A9AA3949B7C03A8DF469516221D0D610EBCAF ($FILE_NAME)
2016-08-16 13:02:52+00:00,plaso_sqlite/firefox_history,Initial Access,Browsing on mysportclub.ex,0.0,0.0,0.0,-,Last Visited Time,http://blog.mysportclub.ex/wp-content/uploads/hk/task/opspy/1ff1a5eb5ffe455641a17704db7e0a55.html (Lottery 2016) [count: 1] Host: blog.mysportclub.ex visited from:  (URL not typed directly) Transition: LINK
2016-08-16 13:02:53+00:00,mft,Initial Access,html page that executes blog.mysportclub.ex/wp-content/uploads/hk/task/opspy/f775413f33f2caa2e160fe056fb64fc9.xpi,0.000146,0.0,0.0,-,macb,C:/Users/Peter/AppData/Local/Mozilla/Firefox/Profiles/z0l7z3kd.default/cache2/entries/394A23D50D9098F50B10713FD54607815F18FAB8 ($FILE_NAME)
2016-08-16 13:02:53+00:00,mft,Initial Access,Load a swf file from blog.mysportclub.ex/wp-content/uploads/hk/task/opspy/<hexa>.swf,0.000146,0.0,0.0,-,macb,C:/Users/Peter/AppData/Local/Mozilla/Firefox/Profiles/z0l7z3kd.default/cache2/entries/5530FFE6D85BB858F8028259EDC17FA8486945B7 ($FILE_NAME)
2016-08-16 13:02:53+00:00,mft,Initial Access,Load a swf file from blog.mysportclub.ex/wp-content/uploads/hk/task/opspy/<hexa>.swf,0.000146,0.0,0.0,-,macb,C:/Users/Peter/AppData/Local/Mozilla/Firefox/Profiles/z0l7z3kd.default/cache2/entries/80C1C357C6061680F78C975C131A729372BED991 ($FILE_NAME)
2016-08-16 13:02:53+00:00,mft,Initial Access,Load a swf file from blog.mysportclub.ex/wp-content/uploads/hk/task/opspy/<hexa>.swf,0.000146,0.0,0.0,-,macb,C:/Users/Peter/AppData/Local/Mozilla/Firefox/Profiles/z0l7z3kd.default/cache2/entries/A91D35B9BA19A0EAB05551CB1EB08222E5DADECA ($FILE_NAME)
2016-08-16 13:02:53+00:00,mft,Initial Access,html page that creates then executes exp.vbs,0.000146,0.0,0.0,-,macb,C:/Users/Peter/AppData/Local/Mozilla/Firefox/Profiles/z0l7z3kd.default/cache2/entries/B875FA5FF062E1D9C6B5550C2A338395F4815200 ($FILE_NAME)
2016-08-16 13:02:53+00:00,mft,Initial Access,html page that creates then executes exp.vbs,0.000146,0.0,0.0,-,macb,C:/Users/Peter/AppData/Local/Mozilla/Firefox/Profiles/z0l7z3kd.default/cache2/entries/E0FA626A10D95A9EF6C1628AAE973638AB45C3DD ($FILE_NAME)
2016-08-16 13:02:54+00:00,mft,Resource Development,Peter/Local/Temp/exp.vbs created on disk,8e-05,0.0,0.0,-,macb,C:/Users/Peter/AppData/Local/Temp/exp.vbs ($FILE_NAME)
2016-08-16 13:02:54+00:00,log_prefetch,Initial Access,Wscript/Cscript executed,0.0,0.0,0.0,-,Last Time Executed,"Prefetch [WSCRIPT.EXE] was executed - run count 1 path hints: \WINDOWS\SYSTEM32\WSCRIPT.EXE hash: 0x52CF1F0C volume: 1 [serial number: 0xB6E74FF7, device path: \VOLUME{01d1dde0e6d6158b-b6e74ff7}]"
2016-08-16 13:02:54+00:00,log_prefetch,Initial Access,Wscript/Cscript executed,0.0,0.0,0.0,-,Last Time Executed,"Prefetch [CSCRIPT.EXE] was executed - run count 1 path hints: \WINDOWS\SYSTEM32\CSCRIPT.EXE hash: 0xD1EF4768 volume: 1 [serial number: 0xB6E74FF7, device path: \VOLUME{01d1dde0e6d6158b-b6e74ff7}]"
2016-08-16 13:02:56+00:00,plaso_esedb/msie_webcache,Initial Access,Browsing on mysportclub.ex,0.0,0.0,0.0,-,Creation Time,"URL: http://blog.mysportclub.ex/wp-content/uploads/hk/5128f35c9b4be13788ba41bdb6d1fc1f/3568226350.exe Access count: 1 Sync count: 1 Filename: 3568226350[1].exe Cached file size: 61440 Response headers: [HTTP/1.1 200 OK; ETag: W/""f000-53a1bf9153d40""; Content-Length: 61440; Keep-Alive: timeout=5, max=100; Content-Type: application/x-msdos-program] Entry identifier: 150 Container identifier: 1 Cache identifier: 0"
2016-08-16 13:02:57+00:00,mft,Resource Development,Xtreme RAT config file created,9e-05,0.0,0.0,-,...b,C:/Users/Peter/AppData/Roaming/Microsoft/Windows/GhCtxq8t.cfg ($FILE_NAME)
2016-08-16 13:02:57+00:00,mft,Resource Development,"Xtreme RAT created on disk, Peter/AppData/Local/Temp/svchost.exe",8.8e-05,0.0,0.0,-,macb,C:/Users/Peter/AppData/Local/Temp/svchost.exe ($FILE_NAME)
2016-08-16 13:02:57+00:00,mft,Resource Development,"Xtreme RAT created on disk, Peter/AppData/Roaming/HostData/update.exe",8.6e-05,0.0,0.0,-,macb,C:/Users/Peter/AppData/Roaming/HostData/update.exe ($FILE_NAME)
2016-08-16 13:02:57+00:00,plaso_esedb/msie_webcache,Initial Access,Browsing on mysportclub.ex,0.0,0.0,0.0,-,Last Access Time,"URL: http://blog.mysportclub.ex/wp-content/uploads/hk/5128f35c9b4be13788ba41bdb6d1fc1f/3568226350.exe Access count: 1 Sync count: 1 Filename: 3568226350[1].exe Cached file size: 61440 Response headers: [HTTP/1.1 200 OK; ETag: W/""f000-53a1bf9153d40""; Content-Length: 61440; Keep-Alive: timeout=5, max=100; Content-Type: application/x-msdos-program] Entry identifier: 150 Container identifier: 1 Cache identifier: 0"
2016-08-16 13:02:57+00:00,plaso_esedb/msie_webcache,Initial Access,Browsing on mysportclub.ex,0.0,0.0,0.0,-,Synchronization time,"URL: http://blog.mysportclub.ex/wp-content/uploads/hk/5128f35c9b4be13788ba41bdb6d1fc1f/3568226350.exe Access count: 1 Sync count: 1 Filename: 3568226350[1].exe Cached file size: 61440 Response headers: [HTTP/1.1 200 OK; ETag: W/""f000-53a1bf9153d40""; Content-Length: 61440; Keep-Alive: timeout=5, max=100; Content-Type: application/x-msdos-program] Entry identifier: 150 Container identifier: 1 Cache identifier: 0"
2016-08-16 13:02:57+00:00,log_prefetch,Persistence,Xtreme RAT (svchost.exe) executed,0.0,0.0,0.0,-,Last Time Executed,"Prefetch [SVCHOST.EXE] was executed - run count 1 path hints: \USERS\PETER\APPDATA\LOCAL\TEMP\SVCHOST.EXE hash: 0xEE2F1EFB volume: 1 [serial number: 0xB6E74FF7, device path: \VOLUME{01d1dde0e6d6158b-b6e74ff7}]"
2016-08-16 13:02:57+00:00,plaso_winreg/windows_run,Persistence,"Run/RunOnce keys created for Xtreme RAT (update.exe, HKCU, HKLM)",0.0,0.0,0.0,-,Content Modification Time,"[HKEY_CURRENT_USER\Software\Microsoft\Windows\CurrentVersion\Run] Entries: ['HKCU: C:\\Users\\Peter\\AppData\\Roaming\\HostData\\update.exe', 'OneDrive: ""C:\\Users\\Peter\\AppData\\Local\\Microsoft\\OneDrive\\OneDrive.exe"" /background', 'Skype: ""C:\\Program Files\\Skype\\Phone\\Skype.exe"" /minimized /regrun']"
2016-08-16 13:02:57+00:00,plaso_winreg/windows_run,Persistence,"Run/RunOnce keys created for Xtreme RAT (update.exe, HKCU, HKLM)",0.0,0.0,0.0,-,Content Modification Time,[HKEY_CURRENT_USER\Software\Microsoft\Windows\CurrentVersion\RunOnce] Entries: ['Update: C:\\Users\\Peter\\AppData\\Roaming\\HostData\\update.exe']
2016-08-16 13:02:59+00:00,mft,Resource Development,Xtreme RAT config file created,9e-05,0.0,0.0,-,macb,C:/Users/Peter/AppData/Roaming/Microsoft/Windows/GhCtxq8t.xtr ($FILE_NAME)
2016-08-16 13:02:59+00:00,plaso_esedb/msie_webcache,Command and Control,Xtreme RAT sends request to 36.98.102.89,0.0,0.0,0.0,-,Creation Time,URL: http://36.98.102.89:12345/1234567890.functions Access count: 1 Sync count: 0 Filename: 1234567890[1].functions Cached file size: 1008670 Response headers: [HTTP/1.0 200 OK] Entry identifier: 151 Container identifier: 1 Cache identifier: 0
2016-08-16 13:03:01+00:00,plaso_esedb/msie_webcache,Command and Control,Xtreme RAT sends request to 36.98.102.89,0.0,0.0,0.0,-,Last Access Time,URL: http://36.98.102.89:12345/1234567890.functions Access count: 1 Sync count: 0 Filename: 1234567890[1].functions Cached file size: 1008670 Response headers: [HTTP/1.0 200 OK] Entry identifier: 151 Container identifier: 1 Cache identifier: 0
2016-08-16 13:03:01+00:00,plaso_esedb/msie_webcache,Command and Control,Xtreme RAT sends request to 36.98.102.89,0.0,0.0,0.0,-,Synchronization time,URL: http://36.98.102.89:12345/1234567890.functions Access count: 1 Sync count: 0 Filename: 1234567890[1].functions Cached file size: 1008670 Response headers: [HTTP/1.0 200 OK] Entry identifier: 151 Container identifier: 1 Cache identifier: 0
2016-08-16 13:03:03+00:00,log_prefetch,Persistence,Xtreme RAT (update.exe) executed,0.0,0.0,0.0,-,Previous Last Time Executed,"Prefetch [UPDATE.EXE] was executed - run count 2 path hints: \USERS\PETER\APPDATA\ROAMING\HOSTDATA\UPDATE.EXE hash: 0xF6A87B54 volume: 1 [serial number: 0xB6E74FF7, device path: \VOLUME{01d1dde0e6d6158b-b6e74ff7}]"
2016-08-16 13:03:04+00:00,plaso_winreg/windows_run,Persistence,"Run/RunOnce keys created for Xtreme RAT (update.exe, HKCU, HKLM)",0.0,0.0,0.0,-,Content Modification Time,[HKEY_LOCAL_MACHINE\Software\Microsoft\Windows\CurrentVersion\Run] Entries: ['HKLM: C:\\Users\\Peter\\AppData\\Roaming\\HostData\\update.exe']
2016-08-16 13:03:04+00:00,log_prefetch,Persistence,Xtreme RAT (update.exe) executed,0.0,0.0,0.0,-,Last Time Executed,"Prefetch [UPDATE.EXE] was executed - run count 2 path hints: \USERS\PETER\APPDATA\ROAMING\HOSTDATA\UPDATE.EXE hash: 0xF6A87B54 volume: 1 [serial number: 0xB6E74FF7, device path: \VOLUME{01d1dde0e6d6158b-b6e74ff7}]"
2016-08-16 13:09:32+00:00,log_prefetch,Persistence,Xtreme RAT (svchost.exe) executed,0.0,0.0,0.0,-,Last Time Executed,"Prefetch [SVCHOST.EXE] was executed - run count 1 path hints: \USERS\PETER\APPDATA\LOCAL\TEMP\SVCHOST.EXE hash: 0xCE7EE04C volume: 1 [serial number: 0xB6E74FF7, device path: \VOLUME{01d1dde0e6d6158b-b6e74ff7}]"
2016-08-16 13:10:03+00:00,mft,Resource Development,Peter/Local/Temp/54948tp.exe created on disk,8.8e-05,0.0,0.0,-,macb,C:/Users/Peter/AppData/Local/Temp/54948tp.exe ($FILE_NAME)
2016-08-16 13:10:13+00:00,log_prefetch,Credential Access,54948tp executed,0.0,0.0,0.0,-,Last Time Executed,"Prefetch [54948TP.EXE] was executed - run count 1 path hints: \USERS\PETER\APPDATA\LOCAL\TEMP\54948TP.EXE hash: 0x74082F6B volume: 1 [serial number: 0xB6E74FF7, device path: \VOLUME{01d1dde0e6d6158b-b6e74ff7}]"
2016-08-16 13:10:23+00:00,mft,Resource Development,Peter/Local/Temp/54948tp.exe created on disk,0.000112,0.0,0.0,-,macb,C:/Windows/Prefetch/54948TP.EXE-74082F6B.pf ($FILE_NAME)
2016-08-16 13:14:47+00:00,mft,Discovery,"Discovery results written, Peter/AppData/Local/Temp/SystemProfile",9.2e-05,0.0,0.0,-,macb,C:/Users/Peter/AppData/Local/Temp/SystemProfile ($FILE_NAME)
2016-08-16 13:14:47+00:00,mft,Resource Development,Toolbox creation in Peter/AppData/Roaming/EpUpdate,0.000112,0.0,0.0,-,macb,C:/Users/Peter/AppData/Roaming/EpUpdate/bpd/BrowserPasswordDump.exe ($FILE_NAME)
2016-08-16 13:14:47+00:00,mft,Resource Development,Toolbox creation in Peter/AppData/Roaming/EpUpdate,9e-05,0.0,0.0,-,macb,C:/Users/Peter/AppData/Roaming/EpUpdate/mmktz/mimikatz.exe ($FILE_NAME)
2016-08-16 13:14:47+00:00,mft,Resource Development,Toolbox creation in Peter/AppData/Roaming/EpUpdate,9e-05,0.0,0.0,-,macb,C:/Users/Peter/AppData/Roaming/EpUpdate/mmktz/mimilove.exe ($FILE_NAME)
2016-08-16 13:14:47+00:00,mft,Resource Development,Toolbox creation in Peter/AppData/Roaming/EpUpdate,8.8e-05,0.0,0.0,-,macb,C:/Users/Peter/AppData/Roaming/EpUpdate/nircmd/nircmdc.exe ($FILE_NAME)
2016-08-16 13:14:47+00:00,mft,Resource Development,Toolbox creation in Peter/AppData/Roaming/EpUpdate,8.6e-05,0.0,0.0,-,macb,C:/Users/Peter/AppData/Roaming/EpUpdate/nircmd/nircmd.exe ($FILE_NAME)
2016-08-16 13:14:47+00:00,mft,Resource Development,Toolbox creation in Peter/AppData/Roaming/EpUpdate,8.2e-05,0.0,0.0,-,macb,C:/Users/Peter/AppData/Roaming/EpUpdate/nmap/nmap.exe ($FILE_NAME)
2016-08-16 13:14:47+00:00,mft,Resource Development,Toolbox creation in Peter/AppData/Roaming/EpUpdate,8.8e-05,0.0,0.0,-,macb,C:/Users/Peter/AppData/Roaming/EpUpdate/pwdump/PwDump7.exe ($FILE_NAME)
2016-08-16 13:14:47+00:00,mft,Resource Development,Toolbox creation in Peter/AppData/Roaming/EpUpdate,8.4e-05,0.0,0.0,-,macb,C:/Users/Peter/AppData/Roaming/EpUpdate/ssh/plink.exe ($FILE_NAME)
2016-08-16 13:14:47+00:00,mft,Resource Development,Toolbox creation in Peter/AppData/Roaming/EpUpdate,8.2e-05,0.0,0.0,-,macb,C:/Users/Peter/AppData/Roaming/EpUpdate/ssh/pscp.exe ($FILE_NAME)
2016-08-16 13:14:47+00:00,mft,Resource Development,Toolbox creation in Peter/AppData/Roaming/EpUpdate,8.4e-05,0.0,0.0,-,macb,C:/Users/Peter/AppData/Roaming/EpUpdate/thc/hydra.exe ($FILE_NAME)
2016-08-16 13:14:47+00:00,mft,Resource Development,Toolbox creation in Peter/AppData/Roaming/EpUpdate,9.8e-05,0.0,0.0,-,macb,C:/Users/Peter/AppData/Roaming/EpUpdate/thc/pw-inspector.exe ($FILE_NAME)
2016-08-16 13:14:47+00:00,mft,Resource Development,Toolbox creation in Peter/AppData/Roaming/EpUpdate,8.8e-05,0.0,0.0,-,macb,C:/Users/Peter/AppData/Roaming/EpUpdate/wdigest.reg ($FILE_NAME)
2016-08-16 13:14:47+00:00,log_prefetch,Credential Access,mimikatz.exe executed,0.0,0.0,0.0,-,Last Time Executed,"Prefetch [MIMIKATZ.EXE] was executed - run count 1 path hints: \USERS\PETER\APPDATA\ROAMING\EPUPDATE\MMKTZ\MIMIKATZ.EXE hash: 0x69112F06 volume: 1 [serial number: 0xB6E74FF7, device path: \VOLUME{01d1dde0e6d6158b-b6e74ff7}]"
2016-08-16 13:14:48+00:00,mft,Discovery,"Discovery results written, Peter/AppData/Local/Temp/SystemProfile",9e-05,0.0,0.0,-,macb,C:/Users/Peter/AppData/Local/Temp/SystemProfile/mimikatz.log ($FILE_NAME)
2016-08-16 13:14:50+00:00,mft,Discovery,"Discovery results written, Peter/AppData/Local/Temp/SystemProfile",8e-05,0.0,0.0,-,macb,C:/Users/Peter/AppData/Local/Temp/SystemProfile/bpd.log ($FILE_NAME)
2016-08-16 13:14:50+00:00,log_prefetch,Credential Access,browserpassworddump.exe executed,0.0,0.0,0.0,-,Last Time Executed,"Prefetch [BROWSERPASSWORDDUMP.EXE] was executed - run count 1 path hints: \USERS\PETER\APPDATA\ROAMING\EPUPDATE\BPD\BROWSERPASSWORDDUMP.EXE hash: 0x6CE0AEC0 volume: 1 [serial number: 0xB6E74FF7, device path: \VOLUME{01d1dde0e6d6158b-b6e74ff7}]"
2016-08-16 13:22:04+00:00,plaso_winreg/windows_run,Persistence,"Run/RunOnce keys created for Xtreme RAT (update.exe, HKCU, HKLM)",0.0,0.0,0.0,-,Content Modification Time,[HKEY_LOCAL_MACHINE\Software\Microsoft\Windows\CurrentVersion\RunOnce] Entries: ['Update: C:\\Users\\Peter\\AppData\\Roaming\\HostData\\update.exe']
2016-08-16 13:34:25+00:00,mft,Discovery,"Discovery results written, Peter/AppData/Local/Temp/SystemProfile",8.8e-05,0.0,0.0,-,macb,C:/Users/Peter/AppData/Local/Temp/SystemProfile/sysinfo.txt ($FILE_NAME)
2016-08-16 13:48:12+00:00,mft,Resource Development,"WinRAR created on disk, Peter/AppData/Roaming/HostData",8e-05,0.0,0.0,-,macb,C:/Users/Peter/AppData/Roaming/HostData/rar.exe ($FILE_NAME)
2016-08-16 13:48:12+00:00,mft,Resource Development,"WinRAR created on disk, Peter/AppData/Roaming/HostData",8.6e-05,0.0,0.0,-,macb,C:/Users/Peter/AppData/Roaming/HostData/rarreg.key ($FILE_NAME)
2016-08-16 13:49:00+00:00,mft,Resource Development,Toolbox creation in Peter/AppData/Roaming/EpUpdate,0.000108,0.0,0.0,-,...b,C:/Users/Peter/AppData/Roaming/EpUpdate/nmap/winpcap-nmap-4.13.exe ($FILE_NAME)
2016-08-16 13:50:29+00:00,log_prefetch,Discovery,winpcap-nmap-4.13.exe executed,0.0,0.0,0.0,-,Last Time Executed,"Prefetch [WINPCAP-NMAP-4.13.EXE] was executed - run count 1 path hints: \USERS\PETER\APPDATA\ROAMING\EPUPDATE\NMAP\WINPCAP-NMAP-4.13.EXE hash: 0xBD5AF513 volume: 1 [serial number: 0xB6E74FF7, device path: \VOLUME{01d1dde0e6d6158b-b6e74ff7}]"
2016-08-16 13:51:18+00:00,log_prefetch,Discovery,nmap.exe executed,0.0,0.0,0.0,-,Previous Last Time Executed,"Prefetch [NMAP.EXE] was executed - run count 11 path hints: \USERS\PETER\APPDATA\ROAMING\EPUPDATE\NMAP\NMAP.EXE hash: 0xBF440901 volume: 1 [serial number: 0xB6E74FF7, device path: \VOLUME{01d1dde0e6d6158b-b6e74ff7}]"
2016-08-16 13:52:21+00:00,mft,Discovery,"Discovery results written, Peter/AppData/Local/Temp/SystemProfile",8e-05,0.0,0.0,-,macb,C:/Users/Peter/AppData/Local/Temp/SystemProfile/netscan ($FILE_NAME)
2016-08-16 13:56:28+00:00,log_prefetch,Discovery,nmap.exe executed,0.0,0.0,0.0,-,Previous Last Time Executed,"Prefetch [NMAP.EXE] was executed - run count 11 path hints: \USERS\PETER\APPDATA\ROAMING\EPUPDATE\NMAP\NMAP.EXE hash: 0xBF440901 volume: 1 [serial number: 0xB6E74FF7, device path: \VOLUME{01d1dde0e6d6158b-b6e74ff7}]"
2016-08-16 13:56:29+00:00,evtx_Microsoft-Windows-Application-Experience/Program-Compatibility-Assistant,Persistence,Xtreme RAT (update.exe) executed,0.0,0.0,0.0,Microsoft-Windows-Application-Experience/Program-Compatibility-Assistant|Microsoft-Windows-Program-Compatibility-Assistant|17,-,"<Event xmlns=""http://schemas.microsoft.com/win/2004/08/events/event"">   <System>     <Provider Name=""Microsoft-Windows-Program-Compatibility-Assistant"" Guid=""{4CB314DF-C11F-47D7-9C04-65FB0051561B}""/>     <EventID>17</EventID>     <Version>0</Version>     <Level>4</Level>     <Task>0</Task>     <Opcode>0</Opcode>     <Keywords>0x4000000000000000</Keywords>     <TimeCreated SystemTime=""2016-08-16T13:56:29.109129300Z""/>     <EventRecordID>1</EventRecordID>     <Correlation/>     <Execution ProcessID=""764"" ThreadID=""820""/>     <Channel>Microsoft-Windows-Application-Experience/Program-Compatibility-Assistant</Channel>     <Computer>DESKTOP-DBMG9RV</Computer>     <Security UserID=""S-1-5-18""/>   </System>   <UserData>     <ResolverFiredEvent xmlns=""http://www.microsoft.com/Windows/Diagnosis/PCA/events"">       <ExePath>C:\Users\Peter\AppData\Roaming\HostData\update.exe</ExePath>       <ResolverName>DetectorShim_AccessDenied</ResolverName>     </ResolverFiredEvent>   </UserData> </Event> "
2016-08-16 13:56:30+00:00,log_prefetch,Discovery,nmap.exe executed,0.0,0.0,0.0,-,Previous Last Time Executed,"Prefetch [NMAP.EXE] was executed - run count 11 path hints: \USERS\PETER\APPDATA\ROAMING\EPUPDATE\NMAP\NMAP.EXE hash: 0xBF440901 volume: 1 [serial number: 0xB6E74FF7, device path: \VOLUME{01d1dde0e6d6158b-b6e74ff7}]"
2016-08-16 13:56:33+00:00,log_prefetch,Discovery,nmap.exe executed,0.0,0.0,0.0,-,Previous Last Time Executed,"Prefetch [NMAP.EXE] was executed - run count 11 path hints: \USERS\PETER\APPDATA\ROAMING\EPUPDATE\NMAP\NMAP.EXE hash: 0xBF440901 volume: 1 [serial number: 0xB6E74FF7, device path: \VOLUME{01d1dde0e6d6158b-b6e74ff7}]"
2016-08-16 13:56:36+00:00,log_prefetch,Discovery,nmap.exe executed,0.0,0.0,0.0,-,Previous Last Time Executed,"Prefetch [NMAP.EXE] was executed - run count 11 path hints: \USERS\PETER\APPDATA\ROAMING\EPUPDATE\NMAP\NMAP.EXE hash: 0xBF440901 volume: 1 [serial number: 0xB6E74FF7, device path: \VOLUME{01d1dde0e6d6158b-b6e74ff7}]"
2016-08-16 13:59:00+00:00,db_srum_app_usage,Credential Access,54948tp executed,0.0,0.0,0.0,-,Sample Time,Application: \Device\HarddiskVolume2\Users\Peter\AppData\Local\Temp\54948tp.exe
2016-08-16 13:59:00+00:00,db_srum_network_usage,Command and Control,54948tp.exe network connection,0.0,20296944.0,505687.0,-,Sample Time,Application: \device\harddiskvolume2\users\peter\appdata\local\temp\54948tp.exe Bytes received: 20296944 Bytes sent: 505687 Interface LUID: 1689399616077824 User identifier: S-1-5-21-1623514716-2111984414-578690546-1001
2016-08-16 13:59:00+00:00,db_srum_app_usage,Persistence,Xtreme RAT (svchost.exe) executed,0.0,0.0,0.0,-,Sample Time,Application: \Device\HarddiskVolume2\Users\Peter\AppData\Local\Temp\svchost.exe
2016-08-16 13:59:00+00:00,db_srum_network_usage,Command and Control,Xtreme RAT (svchost.exe) network connection,0.0,1049722.0,30046.0,-,Sample Time,Application: \device\harddiskvolume2\users\peter\appdata\local\temp\svchost.exe Bytes received: 1049722 Bytes sent: 30046 Interface LUID: 1689399616077824 User identifier: S-1-5-21-1623514716-2111984414-578690546-1001
2016-08-16 13:59:00+00:00,db_srum_app_usage,Persistence,Xtreme RAT (update.exe) executed,0.0,0.0,0.0,-,Sample Time,Application: \Device\HarddiskVolume2\Users\Peter\AppData\Roaming\HostData\update.exe
2016-08-16 13:59:00+00:00,db_srum_network_usage,Command and Control,Xtreme RAT (update.exe) network connections,0.0,14770095.0,32233507.0,-,Sample Time,Application: \device\harddiskvolume2\users\peter\appdata\roaming\hostdata\update.exe Bytes received: 14770095 Bytes sent: 32233507 Interface LUID: 1689399616077824 User identifier: S-1-5-21-1623514716-2111984414-578690546-1001
2016-08-16 13:59:00+00:00,db_srum_network_usage,Command and Control,Cscript network connection,0.0,64346.0,2972.0,-,Sample Time,Application: \device\harddiskvolume2\windows\system32\cscript.exe Bytes received: 64346 Bytes sent: 2972 Interface LUID: 1689399616077824 User identifier: S-1-5-21-1623514716-2111984414-578690546-1001
2016-08-16 13:59:26+00:00,log_prefetch,Discovery,nmap.exe executed,0.0,0.0,0.0,-,Previous Last Time Executed,"Prefetch [NMAP.EXE] was executed - run count 11 path hints: \USERS\PETER\APPDATA\ROAMING\EPUPDATE\NMAP\NMAP.EXE hash: 0xBF440901 volume: 1 [serial number: 0xB6E74FF7, device path: \VOLUME{01d1dde0e6d6158b-b6e74ff7}]"
2016-08-16 13:59:29+00:00,mft,Discovery,"Discovery results written, Peter/AppData/Local/Temp/SystemProfile",9.6e-05,0.0,0.0,-,macb,C:/Users/Peter/AppData/Local/Temp/SystemProfile/netscan/192.168.5.1.xml ($FILE_NAME)
2016-08-16 13:59:29+00:00,log_prefetch,Discovery,nmap.exe executed,0.0,0.0,0.0,-,Previous Last Time Executed,"Prefetch [NMAP.EXE] was executed - run count 11 path hints: \USERS\PETER\APPDATA\ROAMING\EPUPDATE\NMAP\NMAP.EXE hash: 0xBF440901 volume: 1 [serial number: 0xB6E74FF7, device path: \VOLUME{01d1dde0e6d6158b-b6e74ff7}]"
2016-08-16 13:59:34+00:00,mft,Discovery,"Discovery results written, Peter/AppData/Local/Temp/SystemProfile",9.8e-05,0.0,0.0,-,macb,C:/Users/Peter/AppData/Local/Temp/SystemProfile/netscan/192.168.5.10.xml ($FILE_NAME)
2016-08-16 13:59:34+00:00,log_prefetch,Discovery,nmap.exe executed,0.0,0.0,0.0,-,Last Time Executed,"Prefetch [NMAP.EXE] was executed - run count 11 path hints: \USERS\PETER\APPDATA\ROAMING\EPUPDATE\NMAP\NMAP.EXE hash: 0xBF440901 volume: 1 [serial number: 0xB6E74FF7, device path: \VOLUME{01d1dde0e6d6158b-b6e74ff7}]"
2016-08-16 13:59:36+00:00,mft,Discovery,"Discovery results written, Peter/AppData/Local/Temp/SystemProfile",9.8e-05,0.0,0.0,-,macb,C:/Users/Peter/AppData/Local/Temp/SystemProfile/netscan/192.168.5.15.xml ($FILE_NAME)
2016-08-16 14:04:43+00:00,log_prefetch,Credential Access,hydra.exe executed,0.0,0.0,0.0,-,Previous Last Time Executed,"Prefetch [HYDRA.EXE] was executed - run count 10 path hints: \USERS\PETER\APPDATA\ROAMING\EPUPDATE\THC\HYDRA.EXE hash: 0x9B12DF54 volume: 1 [serial number: 0xB6E74FF7, device path: \VOLUME{01d1dde0e6d6158b-b6e74ff7}]"
2016-08-16 14:04:44+00:00,log_prefetch,Credential Access,hydra.exe executed,0.0,0.0,0.0,-,Previous Last Time Executed,"Prefetch [HYDRA.EXE] was executed - run count 10 path hints: \USERS\PETER\APPDATA\ROAMING\EPUPDATE\THC\HYDRA.EXE hash: 0x9B12DF54 volume: 1 [serial number: 0xB6E74FF7, device path: \VOLUME{01d1dde0e6d6158b-b6e74ff7}]"
2016-08-16 14:04:44+00:00,log_prefetch,Credential Access,hydra.exe executed,0.0,0.0,0.0,-,Previous Last Time Executed,"Prefetch [HYDRA.EXE] was executed - run count 10 path hints: \USERS\PETER\APPDATA\ROAMING\EPUPDATE\THC\HYDRA.EXE hash: 0x9B12DF54 volume: 1 [serial number: 0xB6E74FF7, device path: \VOLUME{01d1dde0e6d6158b-b6e74ff7}]"
2016-08-16 14:04:44+00:00,log_prefetch,Credential Access,hydra.exe executed,0.0,0.0,0.0,-,Previous Last Time Executed,"Prefetch [HYDRA.EXE] was executed - run count 10 path hints: \USERS\PETER\APPDATA\ROAMING\EPUPDATE\THC\HYDRA.EXE hash: 0x9B12DF54 volume: 1 [serial number: 0xB6E74FF7, device path: \VOLUME{01d1dde0e6d6158b-b6e74ff7}]"
2016-08-16 14:04:44+00:00,log_prefetch,Credential Access,hydra.exe executed,0.0,0.0,0.0,-,Previous Last Time Executed,"Prefetch [HYDRA.EXE] was executed - run count 10 path hints: \USERS\PETER\APPDATA\ROAMING\EPUPDATE\THC\HYDRA.EXE hash: 0x9B12DF54 volume: 1 [serial number: 0xB6E74FF7, device path: \VOLUME{01d1dde0e6d6158b-b6e74ff7}]"
2016-08-16 14:04:44+00:00,log_prefetch,Credential Access,hydra.exe executed,0.0,0.0,0.0,-,Previous Last Time Executed,"Prefetch [HYDRA.EXE] was executed - run count 10 path hints: \USERS\PETER\APPDATA\ROAMING\EPUPDATE\THC\HYDRA.EXE hash: 0x9B12DF54 volume: 1 [serial number: 0xB6E74FF7, device path: \VOLUME{01d1dde0e6d6158b-b6e74ff7}]"
2016-08-16 14:04:44+00:00,log_prefetch,Credential Access,hydra.exe executed,0.0,0.0,0.0,-,Last Time Executed,"Prefetch [HYDRA.EXE] was executed - run count 10 path hints: \USERS\PETER\APPDATA\ROAMING\EPUPDATE\THC\HYDRA.EXE hash: 0x9B12DF54 volume: 1 [serial number: 0xB6E74FF7, device path: \VOLUME{01d1dde0e6d6158b-b6e74ff7}]"
2016-08-16 14:10:49+00:00,log_prefetch,Lateral Movement,plink.exe executed,0.0,0.0,0.0,-,Previous Last Time Executed,"Prefetch [PLINK.EXE] was executed - run count 6 path hints: \USERS\PETER\APPDATA\ROAMING\EPUPDATE\SSH\PLINK.EXE hash: 0xF57F43AD volume: 1 [serial number: 0xB6E74FF7, device path: \VOLUME{01d1dde0e6d6158b-b6e74ff7}]"
2016-08-16 14:11:20+00:00,log_prefetch,Lateral Movement,plink.exe executed,0.0,0.0,0.0,-,Previous Last Time Executed,"Prefetch [PLINK.EXE] was executed - run count 6 path hints: \USERS\PETER\APPDATA\ROAMING\EPUPDATE\SSH\PLINK.EXE hash: 0xF57F43AD volume: 1 [serial number: 0xB6E74FF7, device path: \VOLUME{01d1dde0e6d6158b-b6e74ff7}]"
2016-08-16 14:17:45+00:00,log_prefetch,Lateral Movement,plink.exe executed,0.0,0.0,0.0,-,Previous Last Time Executed,"Prefetch [PLINK.EXE] was executed - run count 6 path hints: \USERS\PETER\APPDATA\ROAMING\EPUPDATE\SSH\PLINK.EXE hash: 0xF57F43AD volume: 1 [serial number: 0xB6E74FF7, device path: \VOLUME{01d1dde0e6d6158b-b6e74ff7}]"
2016-08-16 14:20:44+00:00,log_prefetch,Lateral Movement,plink.exe executed,0.0,0.0,0.0,-,Previous Last Time Executed,"Prefetch [PLINK.EXE] was executed - run count 6 path hints: \USERS\PETER\APPDATA\ROAMING\EPUPDATE\SSH\PLINK.EXE hash: 0xF57F43AD volume: 1 [serial number: 0xB6E74FF7, device path: \VOLUME{01d1dde0e6d6158b-b6e74ff7}]"
2016-08-16 14:22:45+00:00,log_prefetch,Lateral Movement,plink.exe executed,0.0,0.0,0.0,-,Previous Last Time Executed,"Prefetch [PLINK.EXE] was executed - run count 6 path hints: \USERS\PETER\APPDATA\ROAMING\EPUPDATE\SSH\PLINK.EXE hash: 0xF57F43AD volume: 1 [serial number: 0xB6E74FF7, device path: \VOLUME{01d1dde0e6d6158b-b6e74ff7}]"
2016-08-16 14:23:31+00:00,log_prefetch,Lateral Movement,plink.exe executed,0.0,0.0,0.0,-,Last Time Executed,"Prefetch [PLINK.EXE] was executed - run count 6 path hints: \USERS\PETER\APPDATA\ROAMING\EPUPDATE\SSH\PLINK.EXE hash: 0xF57F43AD volume: 1 [serial number: 0xB6E74FF7, device path: \VOLUME{01d1dde0e6d6158b-b6e74ff7}]"
2016-08-16 14:47:12+00:00,log_prefetch,Lateral Movement,pscp.exe executed,0.0,0.0,0.0,-,Previous Last Time Executed,"Prefetch [PSCP.EXE] was executed - run count 3 path hints: \USERS\PETER\APPDATA\ROAMING\EPUPDATE\SSH\PSCP.EXE hash: 0x6CA95035 volume: 1 [serial number: 0xB6E74FF7, device path: \VOLUME{01d1dde0e6d6158b-b6e74ff7}]"
2016-08-16 14:47:54+00:00,log_prefetch,Lateral Movement,pscp.exe executed,0.0,0.0,0.0,-,Previous Last Time Executed,"Prefetch [PSCP.EXE] was executed - run count 3 path hints: \USERS\PETER\APPDATA\ROAMING\EPUPDATE\SSH\PSCP.EXE hash: 0x6CA95035 volume: 1 [serial number: 0xB6E74FF7, device path: \VOLUME{01d1dde0e6d6158b-b6e74ff7}]"
2016-08-16 14:50:09+00:00,log_prefetch,Lateral Movement,pscp.exe executed,0.0,0.0,0.0,-,Last Time Executed,"Prefetch [PSCP.EXE] was executed - run count 3 path hints: \USERS\PETER\APPDATA\ROAMING\EPUPDATE\SSH\PSCP.EXE hash: 0x6CA95035 volume: 1 [serial number: 0xB6E74FF7, device path: \VOLUME{01d1dde0e6d6158b-b6e74ff7}]"
2016-08-16 15:00:00+00:00,db_srum_app_usage,Persistence,Xtreme RAT (svchost.exe) executed,0.0,0.0,0.0,-,Sample Time,Application: \Device\HarddiskVolume2\Users\Peter\AppData\Local\Temp\svchost.exe
2016-08-16 15:00:00+00:00,db_srum_app_usage,Lateral Movement,plink.exe executed,0.0,0.0,0.0,-,Sample Time,Application: \Device\HarddiskVolume2\Users\Peter\AppData\Roaming\EpUpdate\ssh\plink.exe
2016-08-16 15:00:00+00:00,db_srum_network_usage,Lateral Movement,plink.exe network connections,0.0,189286.0,145032.0,-,Sample Time,Application: \device\harddiskvolume2\users\peter\appdata\roaming\epupdate\ssh\plink.exe Bytes received: 189286 Bytes sent: 145032 Interface LUID: 1689399616077824 User identifier: S-1-5-21-1623514716-2111984414-578690546-1001
2016-08-16 15:00:00+00:00,db_srum_app_usage,Lateral Movement,pscp.exe executed,0.0,0.0,0.0,-,Sample Time,Application: \Device\HarddiskVolume2\Users\Peter\AppData\Roaming\EpUpdate\ssh\pscp.exe
2016-08-16 15:00:00+00:00,db_srum_network_usage,Lateral Movement,pscp.exe network connections,0.0,1736351.0,43706102.0,-,Sample Time,Application: \device\harddiskvolume2\users\peter\appdata\roaming\epupdate\ssh\pscp.exe Bytes received: 1736351 Bytes sent: 43706102 Interface LUID: 1689399616077824 User identifier: S-1-5-21-1623514716-2111984414-578690546-1001
2016-08-16 15:00:00+00:00,db_srum_app_usage,Credential Access,hydra.exe executed,0.0,0.0,0.0,-,Sample Time,Application: \Device\HarddiskVolume2\Users\Peter\AppData\Roaming\EpUpdate\thc\hydra.exe
2016-08-16 15:00:00+00:00,db_srum_network_usage,Lateral Movement,hydra.exe network connections,0.0,301818.0,160553.0,-,Sample Time,Application: \device\harddiskvolume2\users\peter\appdata\roaming\epupdate\thc\hydra.exe Bytes received: 301818 Bytes sent: 160553 Interface LUID: 1689399616077824 User identifier: S-1-5-21-1623514716-2111984414-578690546-1001
2016-08-16 15:00:00+00:00,db_srum_app_usage,Persistence,Xtreme RAT (update.exe) executed,0.0,0.0,0.0,-,Sample Time,Application: \Device\HarddiskVolume2\Users\Peter\AppData\Roaming\HostData\update.exe
2016-08-16 15:00:00+00:00,db_srum_network_usage,Command and Control,Xtreme RAT (update.exe) network connections,0.0,15262284.0,873341914.0,-,Sample Time,Application: \device\harddiskvolume2\users\peter\appdata\roaming\hostdata\update.exe Bytes received: 15262284 Bytes sent: 873341914 Interface LUID: 1689399616077824 User identifier: S-1-5-21-1623514716-2111984414-578690546-1001
2016-08-16 16:00:00+00:00,db_srum_app_usage,Persistence,Xtreme RAT (svchost.exe) executed,0.0,0.0,0.0,-,Sample Time,Application: \Device\HarddiskVolume2\Users\Peter\AppData\Local\Temp\svchost.exe
2016-08-16 16:00:00+00:00,db_srum_app_usage,Lateral Movement,plink.exe executed,0.0,0.0,0.0,-,Sample Time,Application: \Device\HarddiskVolume2\Users\Peter\AppData\Roaming\EpUpdate\ssh\plink.exe
2016-08-16 16:00:00+00:00,db_srum_network_usage,Lateral Movement,plink.exe network connections,0.0,558078.0,126122.0,-,Sample Time,Application: \device\harddiskvolume2\users\peter\appdata\roaming\epupdate\ssh\plink.exe Bytes received: 558078 Bytes sent: 126122 Interface LUID: 1689399616077824 User identifier: S-1-5-21-1623514716-2111984414-578690546-1001
2016-08-16 16:00:00+00:00,db_srum_app_usage,Persistence,Xtreme RAT (update.exe) executed,0.0,0.0,0.0,-,Sample Time,Application: \Device\HarddiskVolume2\Users\Peter\AppData\Roaming\HostData\update.exe
2016-08-16 16:00:00+00:00,db_srum_network_usage,Command and Control,Xtreme RAT (update.exe) network connections,0.0,5556348.0,256939694.0,-,Sample Time,Application: \device\harddiskvolume2\users\peter\appdata\roaming\hostdata\update.exe Bytes received: 5556348 Bytes sent: 256939694 Interface LUID: 1689399616077824 User identifier: S-1-5-21-1623514716-2111984414-578690546-1001
2016-08-16 17:01:00+00:00,db_srum_app_usage,Persistence,Xtreme RAT (svchost.exe) executed,0.0,0.0,0.0,-,Sample Time,Application: \Device\HarddiskVolume2\Users\Peter\AppData\Local\Temp\svchost.exe
2016-08-16 17:01:00+00:00,db_srum_app_usage,Persistence,Xtreme RAT (update.exe) executed,0.0,0.0,0.0,-,Sample Time,Application: \Device\HarddiskVolume2\Users\Peter\AppData\Roaming\HostData\update.exe
2016-08-16 17:01:00+00:00,db_srum_network_usage,Command and Control,Xtreme RAT (update.exe) network connections,0.0,34158.0,79578.0,-,Sample Time,Application: \device\harddiskvolume2\users\peter\appdata\roaming\hostdata\update.exe Bytes received: 34158 Bytes sent: 79578 Interface LUID: 1689399616077824 User identifier: S-1-5-21-1623514716-2111984414-578690546-1001
2016-08-16 18:02:00+00:00,db_srum_app_usage,Persistence,Xtreme RAT (svchost.exe) executed,0.0,0.0,0.0,-,Sample Time,Application: \Device\HarddiskVolume2\Users\Peter\AppData\Local\Temp\svchost.exe
2016-08-16 18:02:00+00:00,db_srum_app_usage,Persistence,Xtreme RAT (update.exe) executed,0.0,0.0,0.0,-,Sample Time,Application: \Device\HarddiskVolume2\Users\Peter\AppData\Roaming\HostData\update.exe
2016-08-16 18:02:00+00:00,db_srum_network_usage,Command and Control,Xtreme RAT (update.exe) network connections,0.0,32514.0,34176.0,-,Sample Time,Application: \device\harddiskvolume2\users\peter\appdata\roaming\hostdata\update.exe Bytes received: 32514 Bytes sent: 34176 Interface LUID: 1689399616077824 User identifier: S-1-5-21-1623514716-2111984414-578690546-1001
2016-08-16 19:03:00+00:00,db_srum_app_usage,Persistence,Xtreme RAT (svchost.exe) executed,0.0,0.0,0.0,-,Sample Time,Application: \Device\HarddiskVolume2\Users\Peter\AppData\Local\Temp\svchost.exe
2016-08-16 19:03:00+00:00,db_srum_app_usage,Persistence,Xtreme RAT (update.exe) executed,0.0,0.0,0.0,-,Sample Time,Application: \Device\HarddiskVolume2\Users\Peter\AppData\Roaming\HostData\update.exe
2016-08-16 19:03:00+00:00,db_srum_network_usage,Command and Control,Xtreme RAT (update.exe) network connections,0.0,32766.0,33962.0,-,Sample Time,Application: \device\harddiskvolume2\users\peter\appdata\roaming\hostdata\update.exe Bytes received: 32766 Bytes sent: 33962 Interface LUID: 1689399616077824 User identifier: S-1-5-21-1623514716-2111984414-578690546-1001
2016-08-16 20:03:00+00:00,db_srum_app_usage,Persistence,Xtreme RAT (svchost.exe) executed,0.0,0.0,0.0,-,Sample Time,Application: \Device\HarddiskVolume2\Users\Peter\AppData\Local\Temp\svchost.exe
2016-08-16 20:03:00+00:00,db_srum_app_usage,Persistence,Xtreme RAT (update.exe) executed,0.0,0.0,0.0,-,Sample Time,Application: \Device\HarddiskVolume2\Users\Peter\AppData\Roaming\HostData\update.exe
2016-08-16 20:03:00+00:00,db_srum_network_usage,Command and Control,Xtreme RAT (update.exe) network connections,0.0,31836.0,33978.0,-,Sample Time,Application: \device\harddiskvolume2\users\peter\appdata\roaming\hostdata\update.exe Bytes received: 31836 Bytes sent: 33978 Interface LUID: 1689399616077824 User identifier: S-1-5-21-1623514716-2111984414-578690546-1001
2016-08-16 21:04:00+00:00,db_srum_app_usage,Persistence,Xtreme RAT (svchost.exe) executed,0.0,0.0,0.0,-,Sample Time,Application: \Device\HarddiskVolume2\Users\Peter\AppData\Local\Temp\svchost.exe
2016-08-16 21:04:00+00:00,db_srum_app_usage,Persistence,Xtreme RAT (update.exe) executed,0.0,0.0,0.0,-,Sample Time,Application: \Device\HarddiskVolume2\Users\Peter\AppData\Roaming\HostData\update.exe
2016-08-16 21:04:00+00:00,db_srum_network_usage,Command and Control,Xtreme RAT (update.exe) network connections,0.0,32340.0,35166.0,-,Sample Time,Application: \device\harddiskvolume2\users\peter\appdata\roaming\hostdata\update.exe Bytes received: 32340 Bytes sent: 35166 Interface LUID: 1689399616077824 User identifier: S-1-5-21-1623514716-2111984414-578690546-1001
2016-08-16 22:05:00+00:00,db_srum_app_usage,Persistence,Xtreme RAT (svchost.exe) executed,0.0,0.0,0.0,-,Sample Time,Application: \Device\HarddiskVolume2\Users\Peter\AppData\Local\Temp\svchost.exe
2016-08-16 22:05:00+00:00,db_srum_app_usage,Persistence,Xtreme RAT (update.exe) executed,0.0,0.0,0.0,-,Sample Time,Application: \Device\HarddiskVolume2\Users\Peter\AppData\Roaming\HostData\update.exe
2016-08-16 22:05:00+00:00,db_srum_network_usage,Command and Control,Xtreme RAT (update.exe) network connections,0.0,32532.0,35060.0,-,Sample Time,Application: \device\harddiskvolume2\users\peter\appdata\roaming\hostdata\update.exe Bytes received: 32532 Bytes sent: 35060 Interface LUID: 1689399616077824 User identifier: S-1-5-21-1623514716-2111984414-578690546-1001
2016-08-16 23:06:00+00:00,db_srum_app_usage,Persistence,Xtreme RAT (svchost.exe) executed,0.0,0.0,0.0,-,Sample Time,Application: \Device\HarddiskVolume2\Users\Peter\AppData\Local\Temp\svchost.exe
2016-08-16 23:06:00+00:00,db_srum_app_usage,Persistence,Xtreme RAT (update.exe) executed,0.0,0.0,0.0,-,Sample Time,Application: \Device\HarddiskVolume2\Users\Peter\AppData\Roaming\HostData\update.exe
2016-08-16 23:06:00+00:00,db_srum_network_usage,Command and Control,Xtreme RAT (update.exe) network connections,0.0,32706.0,34260.0,-,Sample Time,Application: \device\harddiskvolume2\users\peter\appdata\roaming\hostdata\update.exe Bytes received: 32706 Bytes sent: 34260 Interface LUID: 1689399616077824 User identifier: S-1-5-21-1623514716-2111984414-578690546-1001
2016-08-17 00:07:00+00:00,db_srum_app_usage,Persistence,Xtreme RAT (svchost.exe) executed,0.0,0.0,0.0,-,Sample Time,Application: \Device\HarddiskVolume2\Users\Peter\AppData\Local\Temp\svchost.exe
2016-08-17 00:07:00+00:00,db_srum_app_usage,Persistence,Xtreme RAT (update.exe) executed,0.0,0.0,0.0,-,Sample Time,Application: \Device\HarddiskVolume2\Users\Peter\AppData\Roaming\HostData\update.exe
2016-08-17 00:07:00+00:00,db_srum_network_usage,Command and Control,Xtreme RAT (update.exe) network connections,0.0,32376.0,35618.0,-,Sample Time,Application: \device\harddiskvolume2\users\peter\appdata\roaming\hostdata\update.exe Bytes received: 32376 Bytes sent: 35618 Interface LUID: 1689399616077824 User identifier: S-1-5-21-1623514716-2111984414-578690546-1001
2016-08-17 01:08:00+00:00,db_srum_app_usage,Persistence,Xtreme RAT (svchost.exe) executed,0.0,0.0,0.0,-,Sample Time,Application: \Device\HarddiskVolume2\Users\Peter\AppData\Local\Temp\svchost.exe
2016-08-17 01:08:00+00:00,db_srum_app_usage,Persistence,Xtreme RAT (update.exe) executed,0.0,0.0,0.0,-,Sample Time,Application: \Device\HarddiskVolume2\Users\Peter\AppData\Roaming\HostData\update.exe
2016-08-17 01:08:00+00:00,db_srum_network_usage,Command and Control,Xtreme RAT (update.exe) network connections,0.0,32616.0,33594.0,-,Sample Time,Application: \device\harddiskvolume2\users\peter\appdata\roaming\hostdata\update.exe Bytes received: 32616 Bytes sent: 33594 Interface LUID: 1689399616077824 User identifier: S-1-5-21-1623514716-2111984414-578690546-1001
2016-08-17 02:08:00+00:00,db_srum_app_usage,Persistence,Xtreme RAT (svchost.exe) executed,0.0,0.0,0.0,-,Sample Time,Application: \Device\HarddiskVolume2\Users\Peter\AppData\Local\Temp\svchost.exe
2016-08-17 02:08:00+00:00,db_srum_app_usage,Persistence,Xtreme RAT (update.exe) executed,0.0,0.0,0.0,-,Sample Time,Application: \Device\HarddiskVolume2\Users\Peter\AppData\Roaming\HostData\update.exe
2016-08-17 02:08:00+00:00,db_srum_network_usage,Command and Control,Xtreme RAT (update.exe) network connections,0.0,31848.0,35084.0,-,Sample Time,Application: \device\harddiskvolume2\users\peter\appdata\roaming\hostdata\update.exe Bytes received: 31848 Bytes sent: 35084 Interface LUID: 1689399616077824 User identifier: S-1-5-21-1623514716-2111984414-578690546-1001
2016-08-17 03:09:00+00:00,db_srum_app_usage,Persistence,Xtreme RAT (svchost.exe) executed,0.0,0.0,0.0,-,Sample Time,Application: \Device\HarddiskVolume2\Users\Peter\AppData\Local\Temp\svchost.exe
2016-08-17 03:09:00+00:00,db_srum_app_usage,Persistence,Xtreme RAT (update.exe) executed,0.0,0.0,0.0,-,Sample Time,Application: \Device\HarddiskVolume2\Users\Peter\AppData\Roaming\HostData\update.exe
2016-08-17 03:09:00+00:00,db_srum_network_usage,Command and Control,Xtreme RAT (update.exe) network connections,0.0,32322.0,34354.0,-,Sample Time,Application: \device\harddiskvolume2\users\peter\appdata\roaming\hostdata\update.exe Bytes received: 32322 Bytes sent: 34354 Interface LUID: 1689399616077824 User identifier: S-1-5-21-1623514716-2111984414-578690546-1001
2016-08-17 04:09:00+00:00,db_srum_app_usage,Persistence,Xtreme RAT (svchost.exe) executed,0.0,0.0,0.0,-,Sample Time,Application: \Device\HarddiskVolume2\Users\Peter\AppData\Local\Temp\svchost.exe
2016-08-17 04:09:00+00:00,db_srum_app_usage,Persistence,Xtreme RAT (update.exe) executed,0.0,0.0,0.0,-,Sample Time,Application: \Device\HarddiskVolume2\Users\Peter\AppData\Roaming\HostData\update.exe
2016-08-17 04:09:00+00:00,db_srum_network_usage,Command and Control,Xtreme RAT (update.exe) network connections,0.0,32124.0,34722.0,-,Sample Time,Application: \device\harddiskvolume2\users\peter\appdata\roaming\hostdata\update.exe Bytes received: 32124 Bytes sent: 34722 Interface LUID: 1689399616077824 User identifier: S-1-5-21-1623514716-2111984414-578690546-1001
2016-08-17 05:10:00+00:00,db_srum_app_usage,Persistence,Xtreme RAT (svchost.exe) executed,0.0,0.0,0.0,-,Sample Time,Application: \Device\HarddiskVolume2\Users\Peter\AppData\Local\Temp\svchost.exe
2016-08-17 05:10:00+00:00,db_srum_app_usage,Persistence,Xtreme RAT (update.exe) executed,0.0,0.0,0.0,-,Sample Time,Application: \Device\HarddiskVolume2\Users\Peter\AppData\Roaming\HostData\update.exe
2016-08-17 05:10:00+00:00,db_srum_network_usage,Command and Control,Xtreme RAT (update.exe) network connections,0.0,32562.0,36128.0,-,Sample Time,Application: \device\harddiskvolume2\users\peter\appdata\roaming\hostdata\update.exe Bytes received: 32562 Bytes sent: 36128 Interface LUID: 1689399616077824 User identifier: S-1-5-21-1623514716-2111984414-578690546-1001
2016-08-17 06:10:00+00:00,db_srum_app_usage,Persistence,Xtreme RAT (svchost.exe) executed,0.0,0.0,0.0,-,Sample Time,Application: \Device\HarddiskVolume2\Users\Peter\AppData\Local\Temp\svchost.exe
2016-08-17 06:10:00+00:00,db_srum_app_usage,Persistence,Xtreme RAT (update.exe) executed,0.0,0.0,0.0,-,Sample Time,Application: \Device\HarddiskVolume2\Users\Peter\AppData\Roaming\HostData\update.exe
2016-08-17 06:10:00+00:00,db_srum_network_usage,Command and Control,Xtreme RAT (update.exe) network connections,0.0,30078.0,37304.0,-,Sample Time,Application: \device\harddiskvolume2\users\peter\appdata\roaming\hostdata\update.exe Bytes received: 30078 Bytes sent: 37304 Interface LUID: 1689399616077824 User identifier: S-1-5-21-1623514716-2111984414-578690546-1001
2016-08-17 07:11:00+00:00,db_srum_app_usage,Persistence,Xtreme RAT (svchost.exe) executed,0.0,0.0,0.0,-,Sample Time,Application: \Device\HarddiskVolume2\Users\Peter\AppData\Local\Temp\svchost.exe
2016-08-17 07:11:00+00:00,db_srum_app_usage,Persistence,Xtreme RAT (update.exe) executed,0.0,0.0,0.0,-,Sample Time,Application: \Device\HarddiskVolume2\Users\Peter\AppData\Roaming\HostData\update.exe
2016-08-17 07:11:00+00:00,db_srum_network_usage,Command and Control,Xtreme RAT (update.exe) network connections,0.0,32832.0,33466.0,-,Sample Time,Application: \device\harddiskvolume2\users\peter\appdata\roaming\hostdata\update.exe Bytes received: 32832 Bytes sent: 33466 Interface LUID: 1689399616077824 User identifier: S-1-5-21-1623514716-2111984414-578690546-1001
2016-08-17 08:12:00+00:00,db_srum_app_usage,Persistence,Xtreme RAT (svchost.exe) executed,0.0,0.0,0.0,-,Sample Time,Application: \Device\HarddiskVolume2\Users\Peter\AppData\Local\Temp\svchost.exe
2016-08-17 08:12:00+00:00,db_srum_app_usage,Persistence,Xtreme RAT (update.exe) executed,0.0,0.0,0.0,-,Sample Time,Application: \Device\HarddiskVolume2\Users\Peter\AppData\Roaming\HostData\update.exe
2016-08-17 08:12:00+00:00,db_srum_network_usage,Command and Control,Xtreme RAT (update.exe) network connections,0.0,32886.0,32724.0,-,Sample Time,Application: \device\harddiskvolume2\users\peter\appdata\roaming\hostdata\update.exe Bytes received: 32886 Bytes sent: 32724 Interface LUID: 1689399616077824 User identifier: S-1-5-21-1623514716-2111984414-578690546-1001
2016-08-17 09:13:00+00:00,db_srum_app_usage,Persistence,Xtreme RAT (svchost.exe) executed,0.0,0.0,0.0,-,Sample Time,Application: \Device\HarddiskVolume2\Users\Peter\AppData\Local\Temp\svchost.exe
2016-08-17 09:13:00+00:00,db_srum_app_usage,Persistence,Xtreme RAT (update.exe) executed,0.0,0.0,0.0,-,Sample Time,Application: \Device\HarddiskVolume2\Users\Peter\AppData\Roaming\HostData\update.exe
2016-08-17 09:13:00+00:00,db_srum_network_usage,Command and Control,Xtreme RAT (update.exe) network connections,0.0,32664.0,32968.0,-,Sample Time,Application: \device\harddiskvolume2\users\peter\appdata\roaming\hostdata\update.exe Bytes received: 32664 Bytes sent: 32968 Interface LUID: 1689399616077824 User identifier: S-1-5-21-1623514716-2111984414-578690546-1001
2016-08-17 10:14:00+00:00,db_srum_app_usage,Persistence,Xtreme RAT (svchost.exe) executed,0.0,0.0,0.0,-,Sample Time,Application: \Device\HarddiskVolume2\Users\Peter\AppData\Local\Temp\svchost.exe
2016-08-17 10:14:00+00:00,db_srum_app_usage,Persistence,Xtreme RAT (update.exe) executed,0.0,0.0,0.0,-,Sample Time,Application: \Device\HarddiskVolume2\Users\Peter\AppData\Roaming\HostData\update.exe
2016-08-17 10:14:00+00:00,db_srum_network_usage,Command and Control,Xtreme RAT (update.exe) network connections,0.0,32778.0,32982.0,-,Sample Time,Application: \device\harddiskvolume2\users\peter\appdata\roaming\hostdata\update.exe Bytes received: 32778 Bytes sent: 32982 Interface LUID: 1689399616077824 User identifier: S-1-5-21-1623514716-2111984414-578690546-1001
2016-08-17 11:15:00+00:00,db_srum_app_usage,Persistence,Xtreme RAT (svchost.exe) executed,0.0,0.0,0.0,-,Sample Time,Application: \Device\HarddiskVolume2\Users\Peter\AppData\Local\Temp\svchost.exe
2016-08-17 11:15:00+00:00,db_srum_app_usage,Persistence,Xtreme RAT (update.exe) executed,0.0,0.0,0.0,-,Sample Time,Application: \Device\HarddiskVolume2\Users\Peter\AppData\Roaming\HostData\update.exe
2016-08-17 11:15:00+00:00,db_srum_network_usage,Command and Control,Xtreme RAT (update.exe) network connections,0.0,33350.0,52973.0,-,Sample Time,Application: \device\harddiskvolume2\users\peter\appdata\roaming\hostdata\update.exe Bytes received: 33350 Bytes sent: 52973 Interface LUID: 1689399616077824 User identifier: S-1-5-21-1623514716-2111984414-578690546-1001
